CREATE DATABASE  IF NOT EXISTS `garbage_classfication` /*!40100 DEFAULT CHARACTER SET utf8mb4 COLLATE utf8mb4_general_ci */ /*!80016 DEFAULT ENCRYPTION='N' */;
USE `garbage_classfication`;
-- MySQL dump 10.13  Distrib 8.0.38, for Win64 (x86_64)
--
-- Host: localhost    Database: garbage_classfication
-- ------------------------------------------------------
-- Server version	8.0.39

/*!40101 SET @OLD_CHARACTER_SET_CLIENT=@@CHARACTER_SET_CLIENT */;
/*!40101 SET @OLD_CHARACTER_SET_RESULTS=@@CHARACTER_SET_RESULTS */;
/*!40101 SET @OLD_COLLATION_CONNECTION=@@COLLATION_CONNECTION */;
/*!50503 SET NAMES utf8 */;
/*!40103 SET @OLD_TIME_ZONE=@@TIME_ZONE */;
/*!40103 SET TIME_ZONE='+00:00' */;
/*!40014 SET @OLD_UNIQUE_CHECKS=@@UNIQUE_CHECKS, UNIQUE_CHECKS=0 */;
/*!40014 SET @OLD_FOREIGN_KEY_CHECKS=@@FOREIGN_KEY_CHECKS, FOREIGN_KEY_CHECKS=0 */;
/*!40101 SET @OLD_SQL_MODE=@@SQL_MODE, SQL_MODE='NO_AUTO_VALUE_ON_ZERO' */;
/*!40111 SET @OLD_SQL_NOTES=@@SQL_NOTES, SQL_NOTES=0 */;

--
-- Table structure for table `administrator`
--

DROP TABLE IF EXISTS `administrator`;
/*!40101 SET @saved_cs_client     = @@character_set_client */;
/*!50503 SET character_set_client = utf8mb4 */;
CREATE TABLE `administrator` (
  `admin_id` bigint NOT NULL AUTO_INCREMENT COMMENT '管理员主键ID',
  `username` varchar(32) NOT NULL COMMENT '后台登录账号',
  `password` varchar(64) NOT NULL COMMENT '加密密码',
  `real_name` varchar(20) DEFAULT '' COMMENT '管理员姓名',
  `create_time` datetime NOT NULL DEFAULT CURRENT_TIMESTAMP,
  `update_time` datetime NOT NULL DEFAULT CURRENT_TIMESTAMP ON UPDATE CURRENT_TIMESTAMP,
  PRIMARY KEY (`admin_id`),
  UNIQUE KEY `uk_username` (`username`)
) ENGINE=InnoDB AUTO_INCREMENT=2 DEFAULT CHARSET=utf8mb4 COLLATE=utf8mb4_0900_ai_ci COMMENT='管理员表';
/*!40101 SET character_set_client = @saved_cs_client */;

--
-- Dumping data for table `administrator`
--

LOCK TABLES `administrator` WRITE;
/*!40000 ALTER TABLE `administrator` DISABLE KEYS */;
INSERT INTO `administrator` VALUES (1,'admin','$2b$12$...','系统管理员','2026-06-30 11:43:49','2026-06-30 11:43:49');
/*!40000 ALTER TABLE `administrator` ENABLE KEYS */;
UNLOCK TABLES;

--
-- Table structure for table `feedback_sample`
--

DROP TABLE IF EXISTS `feedback_sample`;
/*!40101 SET @saved_cs_client     = @@character_set_client */;
/*!50503 SET character_set_client = utf8mb4 */;
CREATE TABLE `feedback_sample` (
  `sample_id` bigint NOT NULL AUTO_INCREMENT COMMENT '样本ID',
  `record_id` bigint NOT NULL COMMENT '关联识别记录ID',
  `user_label` bigint NOT NULL COMMENT '居民标注大类ID，关联garbage_category',
  `remark` varchar(200) DEFAULT '' COMMENT '用户补充备注',
  `audit_status` tinyint NOT NULL DEFAULT '0' COMMENT '0待审核 1通过 2驳回 3存疑',
  `audit_admin_id` bigint DEFAULT NULL COMMENT '审核管理员ID',
  `audit_reason` varchar(200) DEFAULT '' COMMENT '驳回/存疑说明',
  `use_for_train` tinyint NOT NULL DEFAULT '0' COMMENT '是否加入训练集 0否 1是',
  `create_time` datetime NOT NULL DEFAULT CURRENT_TIMESTAMP COMMENT '提交时间',
  `audit_time` datetime DEFAULT NULL COMMENT '审核完成时间',
  PRIMARY KEY (`sample_id`),
  KEY `idx_record` (`record_id`),
  KEY `idx_status` (`audit_status`),
  KEY `fk_sample_admin` (`audit_admin_id`),
  KEY `fk_sample_label` (`user_label`),
  CONSTRAINT `fk_sample_admin` FOREIGN KEY (`audit_admin_id`) REFERENCES `administrator` (`admin_id`) ON DELETE SET NULL,
  CONSTRAINT `fk_sample_label` FOREIGN KEY (`user_label`) REFERENCES `garbage_category` (`category_id`) ON DELETE RESTRICT,
  CONSTRAINT `fk_sample_record` FOREIGN KEY (`record_id`) REFERENCES `recognition_history` (`record_id`) ON DELETE CASCADE
) ENGINE=InnoDB AUTO_INCREMENT=5 DEFAULT CHARSET=utf8mb4 COLLATE=utf8mb4_0900_ai_ci COMMENT='用户纠错样本表';
/*!40101 SET character_set_client = @saved_cs_client */;

--
-- Dumping data for table `feedback_sample`
--

LOCK TABLES `feedback_sample` WRITE;
/*!40000 ALTER TABLE `feedback_sample` DISABLE KEYS */;
INSERT INTO `feedback_sample` VALUES (1,2,2,'',0,NULL,'',0,'2026-06-30 11:25:34',NULL),(2,67,3,'',0,NULL,'',0,'2026-07-03 16:00:48',NULL),(3,68,4,'',0,NULL,'',0,'2026-07-03 16:01:10',NULL),(4,69,4,'',0,NULL,'',0,'2026-07-03 16:01:47',NULL);
/*!40000 ALTER TABLE `feedback_sample` ENABLE KEYS */;
UNLOCK TABLES;

--
-- Table structure for table `garbage_category`
--

DROP TABLE IF EXISTS `garbage_category`;
/*!40101 SET @saved_cs_client     = @@character_set_client */;
/*!50503 SET character_set_client = utf8mb4 */;
CREATE TABLE `garbage_category` (
  `category_id` bigint NOT NULL AUTO_INCREMENT COMMENT '大类ID',
  `category_name` varchar(20) NOT NULL COMMENT '大类名称',
  `sort` int DEFAULT '0' COMMENT '页面排序权重',
  PRIMARY KEY (`category_id`),
  UNIQUE KEY `uk_category_name` (`category_name`)
) ENGINE=InnoDB AUTO_INCREMENT=5 DEFAULT CHARSET=utf8mb4 COLLATE=utf8mb4_0900_ai_ci COMMENT='垃圾四大分类表';
/*!40101 SET character_set_client = @saved_cs_client */;

--
-- Dumping data for table `garbage_category`
--

LOCK TABLES `garbage_category` WRITE;
/*!40000 ALTER TABLE `garbage_category` DISABLE KEYS */;
INSERT INTO `garbage_category` VALUES (1,'可回收物',1),(2,'厨余垃圾',2),(3,'有害垃圾',3),(4,'其他垃圾',4);
/*!40000 ALTER TABLE `garbage_category` ENABLE KEYS */;
UNLOCK TABLES;

--
-- Table structure for table `model_config`
--

DROP TABLE IF EXISTS `model_config`;
/*!40101 SET @saved_cs_client     = @@character_set_client */;
/*!50503 SET character_set_client = utf8mb4 */;
CREATE TABLE `model_config` (
  `config_id` bigint NOT NULL AUTO_INCREMENT COMMENT '配置主键',
  `model_type` varchar(20) NOT NULL COMMENT '模型类型 YOLOv11 / MobileNetV3',
  `version` varchar(20) NOT NULL COMMENT '模型版本号',
  `onnx_path` varchar(255) NOT NULL COMMENT 'ONNX文件本地路径',
  `map_score` float DEFAULT NULL COMMENT 'YOLO专用 mAP@0.5',
  `accuracy` float DEFAULT NULL COMMENT '分类模型整体准确率',
  `f1_score` float DEFAULT NULL COMMENT '分类平均F1分数',
  `conf_thresh` float NOT NULL DEFAULT '0.5' COMMENT '置信度过滤阈值',
  `iou_thresh` float DEFAULT '0.45' COMMENT 'YOLO NMS IoU阈值',
  `train_time` datetime DEFAULT NULL COMMENT '模型训练完成时间',
  `is_online` tinyint NOT NULL DEFAULT '0' COMMENT '是否线上启用 0否 1是',
  PRIMARY KEY (`config_id`),
  KEY `idx_type_online` (`model_type`,`is_online`)
) ENGINE=InnoDB DEFAULT CHARSET=utf8mb4 COLLATE=utf8mb4_0900_ai_ci COMMENT='双模型配置与指标表';
/*!40101 SET character_set_client = @saved_cs_client */;

--
-- Dumping data for table `model_config`
--

LOCK TABLES `model_config` WRITE;
/*!40000 ALTER TABLE `model_config` DISABLE KEYS */;
/*!40000 ALTER TABLE `model_config` ENABLE KEYS */;
UNLOCK TABLES;

--
-- Table structure for table `recognition_history`
--

DROP TABLE IF EXISTS `recognition_history`;
/*!40101 SET @saved_cs_client     = @@character_set_client */;
/*!50503 SET character_set_client = utf8mb4 */;
CREATE TABLE `recognition_history` (
  `record_id` bigint NOT NULL AUTO_INCREMENT COMMENT '识别记录主键',
  `resident_id` bigint NOT NULL COMMENT '所属居民ID',
  `img_path` varchar(255) NOT NULL COMMENT '原图服务器存储路径',
  `result_json` json NOT NULL COMMENT '推理结果：检测框、大类、细分、置信度数组',
  `has_feedback` tinyint NOT NULL DEFAULT '0' COMMENT '是否提交纠错 0否 1是',
  `rec_time` datetime NOT NULL DEFAULT CURRENT_TIMESTAMP COMMENT '识别时间',
  PRIMARY KEY (`record_id`),
  KEY `idx_resident` (`resident_id`),
  KEY `idx_time` (`rec_time`),
  CONSTRAINT `fk_history_resident` FOREIGN KEY (`resident_id`) REFERENCES `resident` (`resident_id`) ON DELETE CASCADE
) ENGINE=InnoDB AUTO_INCREMENT=88 DEFAULT CHARSET=utf8mb4 COLLATE=utf8mb4_0900_ai_ci COMMENT='AI识别历史记录表';
/*!40101 SET character_set_client = @saved_cs_client */;

--
-- Dumping data for table `recognition_history`
--

LOCK TABLES `recognition_history` WRITE;
/*!40000 ALTER TABLE `recognition_history` DISABLE KEYS */;
INSERT INTO `recognition_history` VALUES (2,1,'2026/06/30/4d142d0bf0734b02adb098b3cb5ead4e.jpg','{\"tips\": \"请勿混入塑料袋\", \"category\": \"厨余垃圾\", \"confidence\": 0.7737, \"category_code\": \"kitchen\", \"disposal_advice\": \"沥干水分后投入绿色垃圾桶\"}',0,'2026-06-30 10:49:42'),(3,2,'2026/06/30/a4e67443c3fd4a878c30089c20bfacc6.jpg','{\"tips\": \"避免破损泄漏\", \"category\": \"有害垃圾\", \"confidence\": 0.8531, \"category_code\": \"hazardous\", \"disposal_advice\": \"轻拿轻放，投入红色垃圾桶\"}',0,'2026-06-30 11:31:32'),(4,1,'2026/06/30/fff34e3d3a0e46c0996f26ea85fc725e.jpg','{\"tips\": \"请勿混入塑料袋\", \"category\": \"厨余垃圾\", \"confidence\": 0.7159, \"category_code\": \"kitchen\", \"disposal_advice\": \"沥干水分后投入绿色垃圾桶\"}',0,'2026-06-30 14:52:14'),(5,1,'2026/06/30/d1f8fc0a05604018b27ae3e52f8bd93b.jpg','{\"tips\": \"避免破损泄漏\", \"category\": \"有害垃圾\", \"confidence\": 0.9555, \"category_code\": \"hazardous\", \"disposal_advice\": \"轻拿轻放，投入红色垃圾桶\"}',0,'2026-06-30 14:53:10'),(6,1,'2026/06/30/ac9de34121e445b888070c4a1093db9a.jpg','{\"tips\": \"无法回收利用的废弃物\", \"category\": \"其他垃圾\", \"confidence\": 0.8873, \"category_code\": \"other\", \"disposal_advice\": \"投入灰色垃圾桶\"}',0,'2026-06-30 14:53:26'),(7,1,'2026/06/30/2fee4702a9f442fca7849f4c9658a6db.jpg','{\"tips\": \"请清空残留液体\", \"category\": \"可回收物\", \"confidence\": 0.9506, \"category_code\": \"recyclable\", \"disposal_advice\": \"压扁后投入蓝色垃圾桶\"}',0,'2026-06-30 14:53:28'),(8,1,'2026/06/30/07f08b9ace704e70a1c733e773e2565b.jpg','{\"tips\": \"请勿混入塑料袋\", \"category\": \"厨余垃圾\", \"confidence\": 0.7535, \"category_code\": \"kitchen\", \"disposal_advice\": \"沥干水分后投入绿色垃圾桶\"}',0,'2026-06-30 14:53:29'),(9,1,'2026/06/30/9bdd9a4b34c1448283d63804cbb8a5b5.jpg','{\"tips\": \"避免破损泄漏\", \"category\": \"有害垃圾\", \"confidence\": 0.9171, \"category_code\": \"hazardous\", \"disposal_advice\": \"轻拿轻放，投入红色垃圾桶\"}',0,'2026-06-30 14:53:30'),(10,1,'2026/06/30/cf67aee996c7493182a3dcd7ce9d2388.jpg','{\"tips\": \"避免破损泄漏\", \"category\": \"有害垃圾\", \"confidence\": 0.7675, \"category_code\": \"hazardous\", \"disposal_advice\": \"轻拿轻放，投入红色垃圾桶\"}',0,'2026-06-30 16:46:08'),(11,1,'2026/06/30/48c102820bad44fa81b9475553533c92.jpg','{\"tips\": \"无法回收利用的废弃物\", \"category\": \"其他垃圾\", \"confidence\": 0.714, \"category_code\": \"other\", \"disposal_advice\": \"投入灰色垃圾桶\"}',0,'2026-06-30 16:46:26'),(12,1,'2026/06/30/d53f7acb5bd946579e78da7e8476c47b.jpg','{\"tips\": \"避免破损泄漏\", \"category\": \"有害垃圾\", \"confidence\": 0.9226, \"category_code\": \"hazardous\", \"disposal_advice\": \"轻拿轻放，投入红色垃圾桶\"}',0,'2026-06-30 16:46:28'),(13,1,'2026/06/30/41cf099935df4fc68c8972ed832f7ea8.jpg','{\"tips\": \"无法回收利用的废弃物\", \"category\": \"其他垃圾\", \"confidence\": 0.8237, \"category_code\": \"other\", \"disposal_advice\": \"投入灰色垃圾桶\"}',0,'2026-06-30 16:46:35'),(14,1,'2026/06/30/80ae1508b9194fba841f075766ab61e8.jpg','{\"tips\": \"请勿混入塑料袋\", \"category\": \"厨余垃圾\", \"confidence\": 0.8572, \"category_code\": \"kitchen\", \"disposal_advice\": \"沥干水分后投入绿色垃圾桶\"}',0,'2026-06-30 16:46:37'),(15,1,'2026/06/30/0902f1a52a1f4dda879e4c231a91ea44.jpg','{\"tips\": \"请清空残留液体\", \"category\": \"可回收物\", \"confidence\": 0.8556, \"category_code\": \"recyclable\", \"disposal_advice\": \"压扁后投入蓝色垃圾桶\"}',0,'2026-06-30 16:46:37'),(16,1,'2026/06/30/030ac603df7e487591cff0c470a57572.jpg','{\"tips\": \"避免破损泄漏\", \"category\": \"有害垃圾\", \"confidence\": 0.7554, \"category_code\": \"hazardous\", \"disposal_advice\": \"轻拿轻放，投入红色垃圾桶\"}',0,'2026-06-30 16:46:38'),(17,1,'2026/06/30/34a00d3676d34521a9ff914acfba483a.jpg','{\"tips\": \"避免破损泄漏\", \"category\": \"有害垃圾\", \"confidence\": 0.8788, \"category_code\": \"hazardous\", \"disposal_advice\": \"轻拿轻放，投入红色垃圾桶\"}',0,'2026-06-30 17:18:40'),(18,1,'2026/07/01/7154449a2f4a4fa58c07420465d6a359.jpg','{\"tips\": \"避免破损泄漏\", \"category\": \"有害垃圾\", \"confidence\": 0.894, \"detections\": [{\"x1\": 23.76, \"x2\": 84.44, \"y1\": 19.82, \"y2\": 166.02, \"class_id\": 1, \"class_name\": \"有害垃圾\", \"confidence\": 0.894}, {\"x1\": 88.69, \"x2\": 148.36, \"y1\": 21.0, \"y2\": 169.0, \"class_id\": 1, \"class_name\": \"有害垃圾\", \"confidence\": 0.882}, {\"x1\": 155.46, \"x2\": 213.87, \"y1\": 22.8, \"y2\": 172.29, \"class_id\": 1, \"class_name\": \"有害垃圾\", \"confidence\": 0.875}], \"category_code\": \"hazardous\", \"disposal_advice\": \"轻拿轻放，投入红色垃圾桶\"}',0,'2026-07-01 12:01:42'),(19,1,'2026/07/01/87355068075f4c45a5edd4104dafaec5.jpg','{\"tips\": \"避免破损泄漏\", \"category\": \"有害垃圾\", \"confidence\": 0.894, \"detections\": [{\"x1\": 23.76, \"x2\": 84.44, \"y1\": 19.82, \"y2\": 166.02, \"class_id\": 1, \"class_name\": \"有害垃圾\", \"confidence\": 0.894}, {\"x1\": 88.69, \"x2\": 148.36, \"y1\": 21.0, \"y2\": 169.0, \"class_id\": 1, \"class_name\": \"有害垃圾\", \"confidence\": 0.882}, {\"x1\": 155.46, \"x2\": 213.87, \"y1\": 22.8, \"y2\": 172.29, \"class_id\": 1, \"class_name\": \"有害垃圾\", \"confidence\": 0.875}], \"category_code\": \"hazardous\", \"disposal_advice\": \"轻拿轻放，投入红色垃圾桶\"}',0,'2026-07-01 12:01:47'),(20,1,'2026/07/01/3bf3fbd280204b77917d0a384610b966.jpg','{\"tips\": \"避免破损泄漏\", \"category\": \"有害垃圾\", \"confidence\": 0.894, \"detections\": [{\"x1\": 23.76, \"x2\": 84.44, \"y1\": 19.82, \"y2\": 166.02, \"class_id\": 1, \"class_name\": \"有害垃圾\", \"confidence\": 0.894}, {\"x1\": 88.69, \"x2\": 148.36, \"y1\": 21.0, \"y2\": 169.0, \"class_id\": 1, \"class_name\": \"有害垃圾\", \"confidence\": 0.882}, {\"x1\": 155.46, \"x2\": 213.87, \"y1\": 22.8, \"y2\": 172.29, \"class_id\": 1, \"class_name\": \"有害垃圾\", \"confidence\": 0.875}], \"category_code\": \"hazardous\", \"disposal_advice\": \"轻拿轻放，投入红色垃圾桶\"}',0,'2026-07-01 12:01:48'),(21,1,'2026/07/01/12aa26a9edd34fdfa82929ed7c970329.jpg','{\"tips\": \"避免破损泄漏\", \"category\": \"有害垃圾\", \"confidence\": 0.894, \"detections\": [{\"x1\": 23.76, \"x2\": 84.44, \"y1\": 19.82, \"y2\": 166.02, \"class_id\": 1, \"class_name\": \"有害垃圾\", \"confidence\": 0.894}, {\"x1\": 88.69, \"x2\": 148.36, \"y1\": 21.0, \"y2\": 169.0, \"class_id\": 1, \"class_name\": \"有害垃圾\", \"confidence\": 0.882}, {\"x1\": 155.46, \"x2\": 213.87, \"y1\": 22.8, \"y2\": 172.29, \"class_id\": 1, \"class_name\": \"有害垃圾\", \"confidence\": 0.875}], \"category_code\": \"hazardous\", \"disposal_advice\": \"轻拿轻放，投入红色垃圾桶\"}',0,'2026-07-01 12:01:49'),(22,1,'2026/07/01/93a9cb95046c44f1a7374e9fc08aef96.jpg','{\"tips\": \"避免破损泄漏\", \"category\": \"有害垃圾\", \"confidence\": 0.894, \"detections\": [{\"x1\": 23.76, \"x2\": 84.44, \"y1\": 19.82, \"y2\": 166.02, \"class_id\": 1, \"class_name\": \"有害垃圾\", \"confidence\": 0.894}, {\"x1\": 88.69, \"x2\": 148.36, \"y1\": 21.0, \"y2\": 169.0, \"class_id\": 1, \"class_name\": \"有害垃圾\", \"confidence\": 0.882}, {\"x1\": 155.46, \"x2\": 213.87, \"y1\": 22.8, \"y2\": 172.29, \"class_id\": 1, \"class_name\": \"有害垃圾\", \"confidence\": 0.875}], \"category_code\": \"hazardous\", \"disposal_advice\": \"轻拿轻放，投入红色垃圾桶\"}',0,'2026-07-01 12:01:49'),(23,1,'2026/07/01/85a62aed3c3a453a8bc7ede64f1403eb.jpg','{\"tips\": \"避免破损泄漏\", \"category\": \"有害垃圾\", \"confidence\": 0.894, \"detections\": [{\"x1\": 23.76, \"x2\": 84.44, \"y1\": 19.82, \"y2\": 166.02, \"class_id\": 1, \"class_name\": \"有害垃圾\", \"confidence\": 0.894}, {\"x1\": 88.69, \"x2\": 148.36, \"y1\": 21.0, \"y2\": 169.0, \"class_id\": 1, \"class_name\": \"有害垃圾\", \"confidence\": 0.882}, {\"x1\": 155.46, \"x2\": 213.87, \"y1\": 22.8, \"y2\": 172.29, \"class_id\": 1, \"class_name\": \"有害垃圾\", \"confidence\": 0.875}], \"category_code\": \"hazardous\", \"disposal_advice\": \"轻拿轻放，投入红色垃圾桶\"}',0,'2026-07-01 12:01:50'),(24,1,'2026/07/01/41ccd48816ac4691b90a49ad0b9f2af0.jpg','{\"tips\": \"避免破损泄漏\", \"category\": \"有害垃圾\", \"confidence\": 0.894, \"detections\": [{\"x1\": 23.76, \"x2\": 84.44, \"y1\": 19.82, \"y2\": 166.02, \"class_id\": 1, \"class_name\": \"有害垃圾\", \"confidence\": 0.894}, {\"x1\": 88.69, \"x2\": 148.36, \"y1\": 21.0, \"y2\": 169.0, \"class_id\": 1, \"class_name\": \"有害垃圾\", \"confidence\": 0.882}, {\"x1\": 155.46, \"x2\": 213.87, \"y1\": 22.8, \"y2\": 172.29, \"class_id\": 1, \"class_name\": \"有害垃圾\", \"confidence\": 0.875}], \"category_code\": \"hazardous\", \"disposal_advice\": \"轻拿轻放，投入红色垃圾桶\"}',0,'2026-07-01 12:01:50'),(25,1,'2026/07/01/1a544ab00979478681a68e3f30201e5d.jpg','{\"tips\": \"请清空残留液体\", \"category\": \"可回收物\", \"confidence\": 0.858, \"detections\": [{\"x1\": 0.26, \"x2\": 292.55, \"y1\": 29.44, \"y2\": 116.23, \"class_id\": 0, \"class_name\": \"可回收物\", \"confidence\": 0.858}, {\"x1\": 26.08, \"x2\": 278.89, \"y1\": 121.28, \"y2\": 184.75, \"class_id\": 1, \"class_name\": \"有害垃圾\", \"confidence\": 0.827}], \"category_code\": \"recyclable\", \"disposal_advice\": \"压扁后投入蓝色垃圾桶\"}',0,'2026-07-01 12:03:51'),(26,1,'2026/07/01/e2a05fc5727046a8ac0e727eece25feb.jpg','{\"tips\": \"请清空残留液体\", \"category\": \"可回收物\", \"confidence\": 0.858, \"detections\": [{\"x1\": 0.26, \"x2\": 292.55, \"y1\": 29.44, \"y2\": 116.23, \"class_id\": 0, \"class_name\": \"可回收物\", \"confidence\": 0.858}, {\"x1\": 26.08, \"x2\": 278.89, \"y1\": 121.28, \"y2\": 184.75, \"class_id\": 1, \"class_name\": \"有害垃圾\", \"confidence\": 0.827}], \"category_code\": \"recyclable\", \"disposal_advice\": \"压扁后投入蓝色垃圾桶\"}',0,'2026-07-01 14:28:20'),(27,1,'2026/07/01/26fd5e3c625f499287f36989329dbd05.jpg','{\"tips\": \"请清空残留液体\", \"category\": \"可回收物\", \"confidence\": 0.858, \"detections\": [{\"x1\": 0.26, \"x2\": 292.55, \"y1\": 29.44, \"y2\": 116.23, \"class_id\": 0, \"class_name\": \"可回收物\", \"confidence\": 0.858}, {\"x1\": 26.08, \"x2\": 278.89, \"y1\": 121.28, \"y2\": 184.75, \"class_id\": 1, \"class_name\": \"有害垃圾\", \"confidence\": 0.827}], \"category_code\": \"recyclable\", \"disposal_advice\": \"压扁后投入蓝色垃圾桶\"}',0,'2026-07-01 14:29:34'),(28,1,'2026/07/01/c5a1f8453dc74d959f04b77c3fe3df0f.jpg','{\"results\": [{\"tips\": \"请清空残留液体\", \"category\": \"可回收物\", \"confidence\": 0.858, \"category_code\": \"recyclable\", \"disposal_advice\": \"压扁后投入蓝色垃圾桶\"}, {\"tips\": \"避免破损泄漏\", \"category\": \"有害垃圾\", \"confidence\": 0.827, \"category_code\": \"hazardous\", \"disposal_advice\": \"轻拿轻放，投入红色垃圾桶\"}], \"detections\": [{\"x1\": 0.26, \"x2\": 292.55, \"y1\": 29.44, \"y2\": 116.23, \"class_id\": 0, \"class_name\": \"可回收物\", \"confidence\": 0.858}, {\"x1\": 26.08, \"x2\": 278.89, \"y1\": 121.28, \"y2\": 184.75, \"class_id\": 1, \"class_name\": \"有害垃圾\", \"confidence\": 0.827}]}',0,'2026-07-01 14:41:22'),(29,1,'2026/07/01/e995115c1c404a2e9acfd3e59d912cb7.jpg','{\"results\": [{\"tips\": \"请清空残留液体\", \"category\": \"可回收物\", \"confidence\": 0.858, \"category_code\": \"recyclable\", \"disposal_advice\": \"压扁后投入蓝色垃圾桶\"}, {\"tips\": \"避免破损泄漏\", \"category\": \"有害垃圾\", \"confidence\": 0.827, \"category_code\": \"hazardous\", \"disposal_advice\": \"轻拿轻放，投入红色垃圾桶\"}], \"detections\": [{\"x1\": 0.26, \"x2\": 292.55, \"y1\": 29.44, \"y2\": 116.23, \"class_id\": 0, \"class_name\": \"可回收物\", \"confidence\": 0.858}, {\"x1\": 26.08, \"x2\": 278.89, \"y1\": 121.28, \"y2\": 184.75, \"class_id\": 1, \"class_name\": \"有害垃圾\", \"confidence\": 0.827}]}',0,'2026-07-01 14:43:53'),(30,1,'2026/07/01/262492e4482a492a82aa2a6ee32fbca9.jpg','{\"results\": [{\"tips\": \"避免破损泄漏\", \"category\": \"有害垃圾\", \"confidence\": 0.894, \"category_code\": \"hazardous\", \"disposal_advice\": \"轻拿轻放，投入红色垃圾桶\"}, {\"tips\": \"避免破损泄漏\", \"category\": \"有害垃圾\", \"confidence\": 0.882, \"category_code\": \"hazardous\", \"disposal_advice\": \"轻拿轻放，投入红色垃圾桶\"}, {\"tips\": \"避免破损泄漏\", \"category\": \"有害垃圾\", \"confidence\": 0.875, \"category_code\": \"hazardous\", \"disposal_advice\": \"轻拿轻放，投入红色垃圾桶\"}], \"detections\": [{\"x1\": 23.76, \"x2\": 84.44, \"y1\": 19.82, \"y2\": 166.02, \"class_id\": 1, \"class_name\": \"有害垃圾\", \"confidence\": 0.894}, {\"x1\": 88.69, \"x2\": 148.36, \"y1\": 21.0, \"y2\": 169.0, \"class_id\": 1, \"class_name\": \"有害垃圾\", \"confidence\": 0.882}, {\"x1\": 155.46, \"x2\": 213.87, \"y1\": 22.8, \"y2\": 172.29, \"class_id\": 1, \"class_name\": \"有害垃圾\", \"confidence\": 0.875}]}',0,'2026-07-01 14:44:09'),(31,1,'2026/07/01/40d8e24d215141feba17b44cee6460c2.jpg','{\"results\": [{\"tips\": \"避免破损泄漏\", \"category\": \"有害垃圾\", \"confidence\": 0.894, \"category_code\": \"hazardous\", \"disposal_advice\": \"轻拿轻放，投入红色垃圾桶\"}, {\"tips\": \"避免破损泄漏\", \"category\": \"有害垃圾\", \"confidence\": 0.882, \"category_code\": \"hazardous\", \"disposal_advice\": \"轻拿轻放，投入红色垃圾桶\"}, {\"tips\": \"避免破损泄漏\", \"category\": \"有害垃圾\", \"confidence\": 0.875, \"category_code\": \"hazardous\", \"disposal_advice\": \"轻拿轻放，投入红色垃圾桶\"}], \"detections\": [{\"x1\": 23.76, \"x2\": 84.44, \"y1\": 19.82, \"y2\": 166.02, \"class_id\": 1, \"class_name\": \"有害垃圾\", \"confidence\": 0.894}, {\"x1\": 88.69, \"x2\": 148.36, \"y1\": 21.0, \"y2\": 169.0, \"class_id\": 1, \"class_name\": \"有害垃圾\", \"confidence\": 0.882}, {\"x1\": 155.46, \"x2\": 213.87, \"y1\": 22.8, \"y2\": 172.29, \"class_id\": 1, \"class_name\": \"有害垃圾\", \"confidence\": 0.875}]}',0,'2026-07-01 14:44:15'),(32,1,'2026/07/01/2c7047c6f2074c4dadf54d5cd2434871.jpg','{\"results\": [{\"tips\": \"请清空残留液体\", \"category\": \"可回收物\", \"confidence\": 0.858, \"category_code\": \"recyclable\", \"disposal_advice\": \"压扁后投入蓝色垃圾桶\"}, {\"tips\": \"避免破损泄漏\", \"category\": \"有害垃圾\", \"confidence\": 0.827, \"category_code\": \"hazardous\", \"disposal_advice\": \"轻拿轻放，投入红色垃圾桶\"}], \"detections\": [{\"x1\": 0.26, \"x2\": 292.55, \"y1\": 29.44, \"y2\": 116.23, \"class_id\": 0, \"class_name\": \"可回收物\", \"confidence\": 0.858}, {\"x1\": 26.08, \"x2\": 278.89, \"y1\": 121.28, \"y2\": 184.75, \"class_id\": 1, \"class_name\": \"有害垃圾\", \"confidence\": 0.827}]}',0,'2026-07-01 14:44:32'),(33,1,'2026/07/01/d7614a04cf074659853671c8475de18c.jpg','{\"results\": [{\"tips\": \"请清空残留液体\", \"category\": \"可回收物\", \"confidence\": 0.858, \"category_code\": \"recyclable\", \"disposal_advice\": \"压扁后投入蓝色垃圾桶\"}, {\"tips\": \"避免破损泄漏\", \"category\": \"有害垃圾\", \"confidence\": 0.827, \"category_code\": \"hazardous\", \"disposal_advice\": \"轻拿轻放，投入红色垃圾桶\"}], \"detections\": [{\"x1\": 0.26, \"x2\": 292.55, \"y1\": 29.44, \"y2\": 116.23, \"class_id\": 0, \"class_name\": \"可回收物\", \"confidence\": 0.858}, {\"x1\": 26.08, \"x2\": 278.89, \"y1\": 121.28, \"y2\": 184.75, \"class_id\": 1, \"class_name\": \"有害垃圾\", \"confidence\": 0.827}]}',0,'2026-07-01 14:53:23'),(34,1,'2026/07/01/590098bdaa614a8f87fe380347bdf23c.jpg','{\"results\": [{\"tips\": \"避免破损泄漏\", \"category\": \"有害垃圾\", \"confidence\": 0.894, \"category_code\": \"hazardous\", \"disposal_advice\": \"轻拿轻放，投入红色垃圾桶\"}, {\"tips\": \"避免破损泄漏\", \"category\": \"有害垃圾\", \"confidence\": 0.882, \"category_code\": \"hazardous\", \"disposal_advice\": \"轻拿轻放，投入红色垃圾桶\"}, {\"tips\": \"避免破损泄漏\", \"category\": \"有害垃圾\", \"confidence\": 0.875, \"category_code\": \"hazardous\", \"disposal_advice\": \"轻拿轻放，投入红色垃圾桶\"}], \"detections\": [{\"x1\": 23.76, \"x2\": 84.44, \"y1\": 19.82, \"y2\": 166.02, \"class_id\": 1, \"class_name\": \"有害垃圾\", \"confidence\": 0.894}, {\"x1\": 88.69, \"x2\": 148.36, \"y1\": 21.0, \"y2\": 169.0, \"class_id\": 1, \"class_name\": \"有害垃圾\", \"confidence\": 0.882}, {\"x1\": 155.46, \"x2\": 213.87, \"y1\": 22.8, \"y2\": 172.29, \"class_id\": 1, \"class_name\": \"有害垃圾\", \"confidence\": 0.875}]}',0,'2026-07-01 14:53:34'),(35,1,'2026/07/01/dd753395a3f640d6b5d124a39557076e.jpg','{\"results\": [{\"tips\": \"请清空残留液体\", \"category\": \"可回收物\", \"confidence\": 0.858, \"category_code\": \"recyclable\", \"disposal_advice\": \"压扁后投入蓝色垃圾桶\"}, {\"tips\": \"避免破损泄漏\", \"category\": \"有害垃圾\", \"confidence\": 0.827, \"category_code\": \"hazardous\", \"disposal_advice\": \"轻拿轻放，投入红色垃圾桶\"}], \"detections\": [{\"x1\": 0.26, \"x2\": 292.55, \"y1\": 29.44, \"y2\": 116.23, \"class_id\": 0, \"class_name\": \"可回收物\", \"confidence\": 0.858}, {\"x1\": 26.08, \"x2\": 278.89, \"y1\": 121.28, \"y2\": 184.75, \"class_id\": 1, \"class_name\": \"有害垃圾\", \"confidence\": 0.827}]}',0,'2026-07-01 14:57:20'),(36,1,'2026/07/01/d5516b23994e4a6a88591926ad7be667.jpg','{\"results\": [{\"tips\": \"请清空残留液体\", \"category\": \"可回收物\", \"confidence\": 0.858, \"category_code\": \"recyclable\", \"disposal_advice\": \"压扁后投入蓝色垃圾桶\"}, {\"tips\": \"避免破损泄漏\", \"category\": \"有害垃圾\", \"confidence\": 0.827, \"category_code\": \"hazardous\", \"disposal_advice\": \"轻拿轻放，投入红色垃圾桶\"}], \"detections\": [{\"x1\": 0.26, \"x2\": 292.55, \"y1\": 29.44, \"y2\": 116.23, \"class_id\": 0, \"class_name\": \"可回收物\", \"confidence\": 0.858}, {\"x1\": 26.08, \"x2\": 278.89, \"y1\": 121.28, \"y2\": 184.75, \"class_id\": 1, \"class_name\": \"有害垃圾\", \"confidence\": 0.827}]}',0,'2026-07-01 15:16:32'),(37,1,'2026/07/01/c6207b56e9cb469b99cc781a9f84ce06.jpg','{\"results\": [{\"tips\": \"请清空残留液体\", \"category\": \"可回收物\", \"confidence\": 0.858, \"category_code\": \"recyclable\", \"disposal_advice\": \"压扁后投入蓝色垃圾桶\"}, {\"tips\": \"避免破损泄漏\", \"category\": \"有害垃圾\", \"confidence\": 0.827, \"category_code\": \"hazardous\", \"disposal_advice\": \"轻拿轻放，投入红色垃圾桶\"}], \"detections\": [{\"x1\": 0.26, \"x2\": 292.55, \"y1\": 29.44, \"y2\": 116.23, \"class_id\": 0, \"class_name\": \"可回收物\", \"confidence\": 0.858}, {\"x1\": 26.08, \"x2\": 278.89, \"y1\": 121.28, \"y2\": 184.75, \"class_id\": 1, \"class_name\": \"有害垃圾\", \"confidence\": 0.827}]}',0,'2026-07-01 15:16:39'),(38,1,'2026/07/01/05ccc9aedd4e4ba28d2bb02e990d4058.jpg','{\"results\": [{\"tips\": \"避免破损泄漏\", \"category\": \"有害垃圾\", \"confidence\": 0.894, \"category_code\": \"hazardous\", \"disposal_advice\": \"轻拿轻放，投入红色垃圾桶\"}, {\"tips\": \"避免破损泄漏\", \"category\": \"有害垃圾\", \"confidence\": 0.882, \"category_code\": \"hazardous\", \"disposal_advice\": \"轻拿轻放，投入红色垃圾桶\"}, {\"tips\": \"避免破损泄漏\", \"category\": \"有害垃圾\", \"confidence\": 0.875, \"category_code\": \"hazardous\", \"disposal_advice\": \"轻拿轻放，投入红色垃圾桶\"}], \"detections\": [{\"x1\": 23.76, \"x2\": 84.44, \"y1\": 19.82, \"y2\": 166.02, \"class_id\": 1, \"class_name\": \"有害垃圾\", \"confidence\": 0.894}, {\"x1\": 88.69, \"x2\": 148.36, \"y1\": 21.0, \"y2\": 169.0, \"class_id\": 1, \"class_name\": \"有害垃圾\", \"confidence\": 0.882}, {\"x1\": 155.46, \"x2\": 213.87, \"y1\": 22.8, \"y2\": 172.29, \"class_id\": 1, \"class_name\": \"有害垃圾\", \"confidence\": 0.875}]}',0,'2026-07-01 15:26:30'),(39,1,'2026/07/01/b788714f639040db8aa79ca670d84ac1.jpg','{\"results\": [{\"tips\": \"避免破损泄漏\", \"category\": \"有害垃圾\", \"confidence\": 0.894, \"category_code\": \"hazardous\", \"disposal_advice\": \"轻拿轻放，投入红色垃圾桶\"}, {\"tips\": \"避免破损泄漏\", \"category\": \"有害垃圾\", \"confidence\": 0.882, \"category_code\": \"hazardous\", \"disposal_advice\": \"轻拿轻放，投入红色垃圾桶\"}, {\"tips\": \"避免破损泄漏\", \"category\": \"有害垃圾\", \"confidence\": 0.875, \"category_code\": \"hazardous\", \"disposal_advice\": \"轻拿轻放，投入红色垃圾桶\"}], \"detections\": [{\"x1\": 23.76, \"x2\": 84.44, \"y1\": 19.82, \"y2\": 166.02, \"class_id\": 1, \"class_name\": \"有害垃圾\", \"confidence\": 0.894}, {\"x1\": 88.69, \"x2\": 148.36, \"y1\": 21.0, \"y2\": 169.0, \"class_id\": 1, \"class_name\": \"有害垃圾\", \"confidence\": 0.882}, {\"x1\": 155.46, \"x2\": 213.87, \"y1\": 22.8, \"y2\": 172.29, \"class_id\": 1, \"class_name\": \"有害垃圾\", \"confidence\": 0.875}]}',0,'2026-07-01 15:27:10'),(40,1,'2026/07/01/929b313c095643fba25fb86e1ebbcfd3.jpg','{\"results\": [{\"tips\": \"请清空残留液体\", \"category\": \"可回收物\", \"confidence\": 0.858, \"category_code\": \"recyclable\", \"disposal_advice\": \"压扁后投入蓝色垃圾桶\"}, {\"tips\": \"避免破损泄漏\", \"category\": \"有害垃圾\", \"confidence\": 0.827, \"category_code\": \"hazardous\", \"disposal_advice\": \"轻拿轻放，投入红色垃圾桶\"}], \"detections\": [{\"x1\": 0.26, \"x2\": 292.55, \"y1\": 29.44, \"y2\": 116.23, \"class_id\": 0, \"class_name\": \"可回收物\", \"confidence\": 0.858}, {\"x1\": 26.08, \"x2\": 278.89, \"y1\": 121.28, \"y2\": 184.75, \"class_id\": 1, \"class_name\": \"有害垃圾\", \"confidence\": 0.827}]}',0,'2026-07-01 15:27:18'),(41,1,'2026/07/01/50feb91517274fe0a89421b00490a199.jpg','{\"results\": [{\"tips\": \"请清空残留液体\", \"category\": \"可回收物\", \"confidence\": 0.858, \"category_code\": \"recyclable\", \"disposal_advice\": \"压扁后投入蓝色垃圾桶\"}, {\"tips\": \"避免破损泄漏\", \"category\": \"有害垃圾\", \"confidence\": 0.827, \"category_code\": \"hazardous\", \"disposal_advice\": \"轻拿轻放，投入红色垃圾桶\"}], \"detections\": [{\"x1\": 0.26, \"x2\": 292.55, \"y1\": 29.44, \"y2\": 116.23, \"class_id\": 0, \"class_name\": \"可回收物\", \"confidence\": 0.858}, {\"x1\": 26.08, \"x2\": 278.89, \"y1\": 121.28, \"y2\": 184.75, \"class_id\": 1, \"class_name\": \"有害垃圾\", \"confidence\": 0.827}]}',0,'2026-07-01 15:30:46'),(42,1,'2026/07/01/cf1f3bc1f6164696a7bf7a829cbc5c24.jpg','{\"results\": [{\"tips\": \"避免破损泄漏\", \"category\": \"有害垃圾\", \"confidence\": 0.894, \"category_code\": \"hazardous\", \"disposal_advice\": \"轻拿轻放，投入红色垃圾桶\"}, {\"tips\": \"避免破损泄漏\", \"category\": \"有害垃圾\", \"confidence\": 0.882, \"category_code\": \"hazardous\", \"disposal_advice\": \"轻拿轻放，投入红色垃圾桶\"}, {\"tips\": \"避免破损泄漏\", \"category\": \"有害垃圾\", \"confidence\": 0.875, \"category_code\": \"hazardous\", \"disposal_advice\": \"轻拿轻放，投入红色垃圾桶\"}], \"detections\": [{\"x1\": 23.76, \"x2\": 84.44, \"y1\": 19.82, \"y2\": 166.02, \"class_id\": 1, \"class_name\": \"有害垃圾\", \"confidence\": 0.894}, {\"x1\": 88.69, \"x2\": 148.36, \"y1\": 21.0, \"y2\": 169.0, \"class_id\": 1, \"class_name\": \"有害垃圾\", \"confidence\": 0.882}, {\"x1\": 155.46, \"x2\": 213.87, \"y1\": 22.8, \"y2\": 172.29, \"class_id\": 1, \"class_name\": \"有害垃圾\", \"confidence\": 0.875}]}',0,'2026-07-01 15:31:31'),(43,1,'2026/07/01/0355b434b88a4161ae36649c02210d62.jpg','{\"results\": [{\"tips\": \"避免破损泄漏\", \"category\": \"有害垃圾\", \"confidence\": 0.894, \"category_code\": \"hazardous\", \"disposal_advice\": \"轻拿轻放，投入红色垃圾桶\"}, {\"tips\": \"避免破损泄漏\", \"category\": \"有害垃圾\", \"confidence\": 0.882, \"category_code\": \"hazardous\", \"disposal_advice\": \"轻拿轻放，投入红色垃圾桶\"}, {\"tips\": \"避免破损泄漏\", \"category\": \"有害垃圾\", \"confidence\": 0.875, \"category_code\": \"hazardous\", \"disposal_advice\": \"轻拿轻放，投入红色垃圾桶\"}], \"detections\": [{\"x1\": 23.76, \"x2\": 84.44, \"y1\": 19.82, \"y2\": 166.02, \"class_id\": 1, \"class_name\": \"有害垃圾\", \"confidence\": 0.894}, {\"x1\": 88.69, \"x2\": 148.36, \"y1\": 21.0, \"y2\": 169.0, \"class_id\": 1, \"class_name\": \"有害垃圾\", \"confidence\": 0.882}, {\"x1\": 155.46, \"x2\": 213.87, \"y1\": 22.8, \"y2\": 172.29, \"class_id\": 1, \"class_name\": \"有害垃圾\", \"confidence\": 0.875}]}',0,'2026-07-01 15:34:08'),(44,1,'2026/07/01/5d2b5eec974d4058a0d6e70e26565333.jpg','{\"results\": [{\"tips\": \"避免破损泄漏\", \"category\": \"有害垃圾\", \"confidence\": 0.894, \"category_code\": \"hazardous\", \"disposal_advice\": \"轻拿轻放，投入红色垃圾桶\"}, {\"tips\": \"避免破损泄漏\", \"category\": \"有害垃圾\", \"confidence\": 0.882, \"category_code\": \"hazardous\", \"disposal_advice\": \"轻拿轻放，投入红色垃圾桶\"}, {\"tips\": \"避免破损泄漏\", \"category\": \"有害垃圾\", \"confidence\": 0.875, \"category_code\": \"hazardous\", \"disposal_advice\": \"轻拿轻放，投入红色垃圾桶\"}], \"detections\": [{\"x1\": 23.76, \"x2\": 84.44, \"y1\": 19.82, \"y2\": 166.02, \"class_id\": 1, \"class_name\": \"有害垃圾\", \"confidence\": 0.894}, {\"x1\": 88.69, \"x2\": 148.36, \"y1\": 21.0, \"y2\": 169.0, \"class_id\": 1, \"class_name\": \"有害垃圾\", \"confidence\": 0.882}, {\"x1\": 155.46, \"x2\": 213.87, \"y1\": 22.8, \"y2\": 172.29, \"class_id\": 1, \"class_name\": \"有害垃圾\", \"confidence\": 0.875}]}',0,'2026-07-01 15:36:58'),(45,1,'2026/07/01/a8eab284155c4b8ca95258582f7ccccd.jpg','{\"results\": [{\"tips\": \"请清空残留液体\", \"category\": \"可回收物\", \"confidence\": 0.858, \"category_code\": \"recyclable\", \"disposal_advice\": \"压扁后投入蓝色垃圾桶\"}, {\"tips\": \"避免破损泄漏\", \"category\": \"有害垃圾\", \"confidence\": 0.827, \"category_code\": \"hazardous\", \"disposal_advice\": \"轻拿轻放，投入红色垃圾桶\"}], \"detections\": [{\"x1\": 0.26, \"x2\": 292.55, \"y1\": 29.44, \"y2\": 116.23, \"class_id\": 0, \"class_name\": \"可回收物\", \"confidence\": 0.858}, {\"x1\": 26.08, \"x2\": 278.89, \"y1\": 121.28, \"y2\": 184.75, \"class_id\": 1, \"class_name\": \"有害垃圾\", \"confidence\": 0.827}]}',0,'2026-07-01 15:37:05'),(46,1,'2026/07/01/afbbeb35a6c44aa4a05ee2d70aadb28f.jpg','{\"results\": [{\"tips\": \"请清空残留液体\", \"category\": \"可回收物\", \"confidence\": 0.858, \"category_code\": \"recyclable\", \"disposal_advice\": \"压扁后投入蓝色垃圾桶\"}, {\"tips\": \"避免破损泄漏\", \"category\": \"有害垃圾\", \"confidence\": 0.827, \"category_code\": \"hazardous\", \"disposal_advice\": \"轻拿轻放，投入红色垃圾桶\"}], \"detections\": [{\"x1\": 0.26, \"x2\": 292.55, \"y1\": 29.44, \"y2\": 116.23, \"class_id\": 0, \"class_name\": \"可回收物\", \"confidence\": 0.858}, {\"x1\": 26.08, \"x2\": 278.89, \"y1\": 121.28, \"y2\": 184.75, \"class_id\": 1, \"class_name\": \"有害垃圾\", \"confidence\": 0.827}]}',0,'2026-07-01 15:37:19'),(47,1,'2026/07/01/d9905eed7d7445f2b6c741d095707359.jpg','{\"results\": [{\"tips\": \"避免破损泄漏\", \"category\": \"有害垃圾\", \"confidence\": 0.894, \"category_code\": \"hazardous\", \"disposal_advice\": \"轻拿轻放，投入红色垃圾桶\"}, {\"tips\": \"避免破损泄漏\", \"category\": \"有害垃圾\", \"confidence\": 0.882, \"category_code\": \"hazardous\", \"disposal_advice\": \"轻拿轻放，投入红色垃圾桶\"}, {\"tips\": \"避免破损泄漏\", \"category\": \"有害垃圾\", \"confidence\": 0.875, \"category_code\": \"hazardous\", \"disposal_advice\": \"轻拿轻放，投入红色垃圾桶\"}], \"detections\": [{\"x1\": 23.76, \"x2\": 84.44, \"y1\": 19.82, \"y2\": 166.02, \"class_id\": 1, \"class_name\": \"有害垃圾\", \"confidence\": 0.894}, {\"x1\": 88.69, \"x2\": 148.36, \"y1\": 21.0, \"y2\": 169.0, \"class_id\": 1, \"class_name\": \"有害垃圾\", \"confidence\": 0.882}, {\"x1\": 155.46, \"x2\": 213.87, \"y1\": 22.8, \"y2\": 172.29, \"class_id\": 1, \"class_name\": \"有害垃圾\", \"confidence\": 0.875}]}',0,'2026-07-01 15:37:23'),(48,1,'2026/07/01/b2c4e1185d0e4692a35e98632e2cd666.jpg','{\"results\": [{\"tips\": \"避免破损泄漏\", \"category\": \"有害垃圾\", \"confidence\": 0.894, \"category_code\": \"hazardous\", \"disposal_advice\": \"轻拿轻放，投入红色垃圾桶\"}, {\"tips\": \"避免破损泄漏\", \"category\": \"有害垃圾\", \"confidence\": 0.882, \"category_code\": \"hazardous\", \"disposal_advice\": \"轻拿轻放，投入红色垃圾桶\"}, {\"tips\": \"避免破损泄漏\", \"category\": \"有害垃圾\", \"confidence\": 0.875, \"category_code\": \"hazardous\", \"disposal_advice\": \"轻拿轻放，投入红色垃圾桶\"}], \"detections\": [{\"x1\": 23.76, \"x2\": 84.44, \"y1\": 19.82, \"y2\": 166.02, \"class_id\": 1, \"class_name\": \"有害垃圾\", \"confidence\": 0.894}, {\"x1\": 88.69, \"x2\": 148.36, \"y1\": 21.0, \"y2\": 169.0, \"class_id\": 1, \"class_name\": \"有害垃圾\", \"confidence\": 0.882}, {\"x1\": 155.46, \"x2\": 213.87, \"y1\": 22.8, \"y2\": 172.29, \"class_id\": 1, \"class_name\": \"有害垃圾\", \"confidence\": 0.875}]}',0,'2026-07-01 16:00:30'),(49,1,'2026/07/01/ce5c6a96012b4bfea33d31e9d4a4d2c6.jpg','{\"results\": [{\"tips\": \"请清空残留液体\", \"category\": \"可回收物\", \"confidence\": 0.858, \"category_code\": \"recyclable\", \"disposal_advice\": \"压扁后投入蓝色垃圾桶\"}, {\"tips\": \"避免破损泄漏\", \"category\": \"有害垃圾\", \"confidence\": 0.827, \"category_code\": \"hazardous\", \"disposal_advice\": \"轻拿轻放，投入红色垃圾桶\"}], \"detections\": [{\"x1\": 0.26, \"x2\": 292.55, \"y1\": 29.44, \"y2\": 116.23, \"class_id\": 0, \"class_name\": \"可回收物\", \"confidence\": 0.858}, {\"x1\": 26.08, \"x2\": 278.89, \"y1\": 121.28, \"y2\": 184.75, \"class_id\": 1, \"class_name\": \"有害垃圾\", \"confidence\": 0.827}]}',0,'2026-07-01 16:00:47'),(50,1,'2026/07/01/bf6f6fefaaa94717ae69627f0320de60.jpg','{\"results\": [{\"tips\": \"无法回收利用的废弃物\", \"category\": \"其他垃圾\", \"confidence\": 0.367, \"category_code\": \"other\", \"disposal_advice\": \"投入灰色垃圾桶\"}], \"detections\": [{\"x1\": 3.36, \"x2\": 1262.38, \"y1\": 1138.43, \"y2\": 1706.6, \"class_id\": 3, \"class_name\": \"其他垃圾\", \"confidence\": 0.367}]}',0,'2026-07-01 16:03:55'),(51,1,'2026/07/01/ad648abf14c14b47a231cb2fb153e369.jpg','{\"results\": [{\"tips\": \"无法回收利用的废弃物\", \"category\": \"其他垃圾\", \"confidence\": 0.367, \"category_code\": \"other\", \"disposal_advice\": \"投入灰色垃圾桶\"}], \"detections\": [{\"x1\": 3.36, \"x2\": 1262.38, \"y1\": 1138.43, \"y2\": 1706.6, \"class_id\": 3, \"class_name\": \"其他垃圾\", \"confidence\": 0.367}]}',0,'2026-07-01 16:04:05'),(52,1,'2026/07/01/12e1d63d7f6646f08e00fcdc03183dda.jpg','{\"results\": [{\"tips\": \"请清空残留液体\", \"category\": \"可回收物\", \"confidence\": 0.313, \"category_code\": \"recyclable\", \"disposal_advice\": \"压扁后投入蓝色垃圾桶\"}], \"detections\": [{\"x1\": 0.0, \"x2\": 1280.0, \"y1\": 2.23, \"y2\": 1624.25, \"class_id\": 0, \"class_name\": \"可回收物\", \"confidence\": 0.313}]}',0,'2026-07-01 16:04:52'),(53,1,'2026/07/01/0eeef485f70341a2bd71257b02d63e5f.jpg','{\"results\": [{\"tips\": \"请清空残留液体\", \"category\": \"可回收物\", \"confidence\": 0.86, \"category_code\": \"recyclable\", \"disposal_advice\": \"压扁后投入蓝色垃圾桶\"}], \"detections\": [{\"x1\": 4.46, \"x2\": 224.97, \"y1\": 60.85, \"y2\": 179.59, \"class_id\": 0, \"class_name\": \"可回收物\", \"confidence\": 0.86}]}',0,'2026-07-01 16:05:20'),(54,1,'2026/07/01/1e7648d87a68412996aa8b72d373158f.jpg','{\"results\": [{\"tips\": \"避免破损泄漏\", \"category\": \"有害垃圾\", \"confidence\": 0.894, \"category_code\": \"hazardous\", \"disposal_advice\": \"轻拿轻放，投入红色垃圾桶\"}, {\"tips\": \"避免破损泄漏\", \"category\": \"有害垃圾\", \"confidence\": 0.882, \"category_code\": \"hazardous\", \"disposal_advice\": \"轻拿轻放，投入红色垃圾桶\"}, {\"tips\": \"避免破损泄漏\", \"category\": \"有害垃圾\", \"confidence\": 0.875, \"category_code\": \"hazardous\", \"disposal_advice\": \"轻拿轻放，投入红色垃圾桶\"}], \"detections\": [{\"x1\": 23.76, \"x2\": 84.44, \"y1\": 19.82, \"y2\": 166.02, \"class_id\": 1, \"class_name\": \"有害垃圾\", \"confidence\": 0.894}, {\"x1\": 88.69, \"x2\": 148.36, \"y1\": 21.0, \"y2\": 169.0, \"class_id\": 1, \"class_name\": \"有害垃圾\", \"confidence\": 0.882}, {\"x1\": 155.46, \"x2\": 213.87, \"y1\": 22.8, \"y2\": 172.29, \"class_id\": 1, \"class_name\": \"有害垃圾\", \"confidence\": 0.875}]}',0,'2026-07-01 16:05:32'),(55,1,'2026/07/01/b53fd404fa044fd380dc8bb48d29e724.jpg','{\"results\": [{\"tips\": \"请清空残留液体\", \"category\": \"可回收物\", \"confidence\": 0.842, \"category_code\": \"recyclable\", \"disposal_advice\": \"压扁后投入蓝色垃圾桶\"}], \"detections\": [{\"x1\": 390.27, \"x2\": 851.03, \"y1\": 133.75, \"y2\": 1575.27, \"class_id\": 0, \"class_name\": \"可回收物\", \"confidence\": 0.842}]}',0,'2026-07-01 16:06:33'),(56,3,'2026/07/01/da5024c9785742468a431ca1a4964815.jpg','{\"results\": [{\"tips\": \"避免破损泄漏\", \"category\": \"有害垃圾\", \"confidence\": 0.894, \"category_code\": \"hazardous\", \"disposal_advice\": \"轻拿轻放，投入红色垃圾桶\"}, {\"tips\": \"避免破损泄漏\", \"category\": \"有害垃圾\", \"confidence\": 0.882, \"category_code\": \"hazardous\", \"disposal_advice\": \"轻拿轻放，投入红色垃圾桶\"}, {\"tips\": \"避免破损泄漏\", \"category\": \"有害垃圾\", \"confidence\": 0.875, \"category_code\": \"hazardous\", \"disposal_advice\": \"轻拿轻放，投入红色垃圾桶\"}], \"detections\": [{\"x1\": 23.76, \"x2\": 84.44, \"y1\": 19.82, \"y2\": 166.02, \"class_id\": 1, \"class_name\": \"有害垃圾\", \"confidence\": 0.894}, {\"x1\": 88.69, \"x2\": 148.36, \"y1\": 21.0, \"y2\": 169.0, \"class_id\": 1, \"class_name\": \"有害垃圾\", \"confidence\": 0.882}, {\"x1\": 155.46, \"x2\": 213.87, \"y1\": 22.8, \"y2\": 172.29, \"class_id\": 1, \"class_name\": \"有害垃圾\", \"confidence\": 0.875}]}',0,'2026-07-01 16:46:46'),(57,1,'2026/07/03/8d6e08fdf0e8495ca7992707e4787e8e.jpg','{\"results\": [{\"tips\": \"请清空残留液体\", \"category\": \"可回收物\", \"confidence\": 0.858, \"category_code\": \"recyclable\", \"disposal_advice\": \"压扁后投入蓝色垃圾桶\"}, {\"tips\": \"避免破损泄漏\", \"category\": \"有害垃圾\", \"confidence\": 0.827, \"category_code\": \"hazardous\", \"disposal_advice\": \"轻拿轻放，投入红色垃圾桶\"}], \"detections\": [{\"x1\": 0.26, \"x2\": 292.55, \"y1\": 29.44, \"y2\": 116.23, \"class_id\": 0, \"class_name\": \"可回收物\", \"confidence\": 0.858}, {\"x1\": 26.08, \"x2\": 278.89, \"y1\": 121.28, \"y2\": 184.75, \"class_id\": 1, \"class_name\": \"有害垃圾\", \"confidence\": 0.827}]}',0,'2026-07-03 15:36:18'),(58,1,'2026/07/03/a4678b7c1c134c19a19ae69fed0f34c7.jpg','{\"results\": [{\"tips\": \"避免破损泄漏\", \"category\": \"有害垃圾\", \"confidence\": 0.894, \"category_code\": \"hazardous\", \"disposal_advice\": \"轻拿轻放，投入红色垃圾桶\"}, {\"tips\": \"避免破损泄漏\", \"category\": \"有害垃圾\", \"confidence\": 0.882, \"category_code\": \"hazardous\", \"disposal_advice\": \"轻拿轻放，投入红色垃圾桶\"}, {\"tips\": \"避免破损泄漏\", \"category\": \"有害垃圾\", \"confidence\": 0.875, \"category_code\": \"hazardous\", \"disposal_advice\": \"轻拿轻放，投入红色垃圾桶\"}], \"detections\": [{\"x1\": 23.76, \"x2\": 84.44, \"y1\": 19.82, \"y2\": 166.02, \"class_id\": 1, \"class_name\": \"有害垃圾\", \"confidence\": 0.894}, {\"x1\": 88.69, \"x2\": 148.36, \"y1\": 21.0, \"y2\": 169.0, \"class_id\": 1, \"class_name\": \"有害垃圾\", \"confidence\": 0.882}, {\"x1\": 155.46, \"x2\": 213.87, \"y1\": 22.8, \"y2\": 172.29, \"class_id\": 1, \"class_name\": \"有害垃圾\", \"confidence\": 0.875}]}',0,'2026-07-03 15:38:07'),(59,1,'2026/07/03/4b1fa2d1c0bd4b37ae26996ac308590a.jpg','{\"results\": [{\"tips\": \"请清空残留液体\", \"category\": \"可回收物\", \"confidence\": 0.842, \"category_code\": \"recyclable\", \"disposal_advice\": \"压扁后投入蓝色垃圾桶\"}], \"detections\": [{\"x1\": 390.27, \"x2\": 851.03, \"y1\": 133.75, \"y2\": 1575.27, \"class_id\": 0, \"class_name\": \"可回收物\", \"confidence\": 0.842}]}',0,'2026-07-03 15:45:52'),(60,1,'2026/07/03/3873b0ed745f4c2b8aefe184a54d5577.jpg','{\"results\": [{\"tips\": \"请清空残留液体\", \"category\": \"可回收物\", \"confidence\": 0.842, \"category_code\": \"recyclable\", \"disposal_advice\": \"压扁后投入蓝色垃圾桶\"}], \"detections\": [{\"x1\": 390.27, \"x2\": 851.03, \"y1\": 133.75, \"y2\": 1575.27, \"class_id\": 0, \"class_name\": \"可回收物\", \"confidence\": 0.842}]}',0,'2026-07-03 15:50:55'),(61,1,'2026/07/03/842e2b7d5e294f3faa1640281be6e249.jpg','{\"results\": [{\"tips\": \"请清空残留液体\", \"category\": \"可回收物\", \"confidence\": 0.842, \"category_code\": \"recyclable\", \"disposal_advice\": \"压扁后投入蓝色垃圾桶\"}], \"detections\": [{\"x1\": 390.27, \"x2\": 851.03, \"y1\": 133.75, \"y2\": 1575.27, \"class_id\": 0, \"class_name\": \"可回收物\", \"confidence\": 0.842}]}',0,'2026-07-03 15:51:12'),(62,1,'2026/07/03/26a8ff6e91ca41a09ecd3a0bcc3241cc.jpg','{\"results\": [{\"tips\": \"请清空残留液体\", \"category\": \"可回收物\", \"confidence\": 0.842, \"category_code\": \"recyclable\", \"disposal_advice\": \"压扁后投入蓝色垃圾桶\"}], \"detections\": [{\"x1\": 390.27, \"x2\": 851.03, \"y1\": 133.75, \"y2\": 1575.27, \"class_id\": 0, \"class_name\": \"可回收物\", \"confidence\": 0.842}]}',0,'2026-07-03 15:51:13'),(63,1,'2026/07/03/253a77c0ebd54b4db67c30e8c2a2c628.jpg','{\"results\": [{\"tips\": \"请清空残留液体\", \"category\": \"可回收物\", \"confidence\": 0.842, \"category_code\": \"recyclable\", \"disposal_advice\": \"压扁后投入蓝色垃圾桶\"}], \"detections\": [{\"x1\": 390.27, \"x2\": 851.03, \"y1\": 133.75, \"y2\": 1575.27, \"class_id\": 0, \"class_name\": \"可回收物\", \"confidence\": 0.842}]}',0,'2026-07-03 15:51:14'),(64,1,'2026/07/03/c35fa28d557a4481b4dcea47dc799c2f.jpg','{\"results\": [{\"tips\": \"请清空残留液体\", \"category\": \"可回收物\", \"confidence\": 0.842, \"category_code\": \"recyclable\", \"disposal_advice\": \"压扁后投入蓝色垃圾桶\"}], \"detections\": [{\"x1\": 390.27, \"x2\": 851.03, \"y1\": 133.75, \"y2\": 1575.27, \"class_id\": 0, \"class_name\": \"可回收物\", \"confidence\": 0.842}]}',0,'2026-07-03 15:53:39'),(65,1,'2026/07/03/525167ef2f354b5384efbc75c0d49aee.jpg','{\"results\": [{\"tips\": \"请清空残留液体\", \"category\": \"可回收物\", \"confidence\": 0.842, \"category_code\": \"recyclable\", \"disposal_advice\": \"压扁后投入蓝色垃圾桶\"}], \"detections\": [{\"x1\": 390.27, \"x2\": 851.03, \"y1\": 133.75, \"y2\": 1575.27, \"class_id\": 0, \"class_name\": \"可回收物\", \"confidence\": 0.842}]}',0,'2026-07-03 15:56:57'),(66,1,'2026/07/03/c6ea5ebd87ee4b06a88200107e9ee93a.jpg','{\"results\": [{\"tips\": \"请清空残留液体\", \"category\": \"可回收物\", \"confidence\": 0.842, \"category_code\": \"recyclable\", \"disposal_advice\": \"压扁后投入蓝色垃圾桶\"}], \"detections\": [{\"x1\": 390.27, \"x2\": 851.03, \"y1\": 133.75, \"y2\": 1575.27, \"class_id\": 0, \"class_name\": \"可回收物\", \"confidence\": 0.842}]}',0,'2026-07-03 15:57:54'),(67,1,'2026/07/03/c47a52785fc749b1af722fdc02e91cd7.jpg','{\"results\": [{\"tips\": \"请清空残留液体\", \"category\": \"可回收物\", \"confidence\": 0.842, \"category_code\": \"recyclable\", \"disposal_advice\": \"压扁后投入蓝色垃圾桶\"}], \"detections\": [{\"x1\": 390.27, \"x2\": 851.03, \"y1\": 133.75, \"y2\": 1575.27, \"class_id\": 0, \"class_name\": \"可回收物\", \"confidence\": 0.842}]}',0,'2026-07-03 16:00:42'),(68,1,'2026/07/03/f115f1b0768d475bb18abcc93a129ec1.jpg','{\"results\": [{\"tips\": \"避免破损泄漏\", \"category\": \"有害垃圾\", \"confidence\": 0.894, \"category_code\": \"hazardous\", \"disposal_advice\": \"轻拿轻放，投入红色垃圾桶\"}, {\"tips\": \"避免破损泄漏\", \"category\": \"有害垃圾\", \"confidence\": 0.882, \"category_code\": \"hazardous\", \"disposal_advice\": \"轻拿轻放，投入红色垃圾桶\"}, {\"tips\": \"避免破损泄漏\", \"category\": \"有害垃圾\", \"confidence\": 0.875, \"category_code\": \"hazardous\", \"disposal_advice\": \"轻拿轻放，投入红色垃圾桶\"}], \"detections\": [{\"x1\": 23.76, \"x2\": 84.44, \"y1\": 19.82, \"y2\": 166.02, \"class_id\": 1, \"class_name\": \"有害垃圾\", \"confidence\": 0.894}, {\"x1\": 88.69, \"x2\": 148.36, \"y1\": 21.0, \"y2\": 169.0, \"class_id\": 1, \"class_name\": \"有害垃圾\", \"confidence\": 0.882}, {\"x1\": 155.46, \"x2\": 213.87, \"y1\": 22.8, \"y2\": 172.29, \"class_id\": 1, \"class_name\": \"有害垃圾\", \"confidence\": 0.875}]}',0,'2026-07-03 16:01:02'),(69,1,'2026/07/03/b6b7e198f8244f8e90430d4d10abcf39.jpg','{\"results\": [{\"tips\": \"避免破损泄漏\", \"category\": \"有害垃圾\", \"confidence\": 0.894, \"category_code\": \"hazardous\", \"disposal_advice\": \"轻拿轻放，投入红色垃圾桶\"}, {\"tips\": \"避免破损泄漏\", \"category\": \"有害垃圾\", \"confidence\": 0.882, \"category_code\": \"hazardous\", \"disposal_advice\": \"轻拿轻放，投入红色垃圾桶\"}, {\"tips\": \"避免破损泄漏\", \"category\": \"有害垃圾\", \"confidence\": 0.875, \"category_code\": \"hazardous\", \"disposal_advice\": \"轻拿轻放，投入红色垃圾桶\"}], \"detections\": [{\"x1\": 23.76, \"x2\": 84.44, \"y1\": 19.82, \"y2\": 166.02, \"class_id\": 1, \"class_name\": \"有害垃圾\", \"confidence\": 0.894}, {\"x1\": 88.69, \"x2\": 148.36, \"y1\": 21.0, \"y2\": 169.0, \"class_id\": 1, \"class_name\": \"有害垃圾\", \"confidence\": 0.882}, {\"x1\": 155.46, \"x2\": 213.87, \"y1\": 22.8, \"y2\": 172.29, \"class_id\": 1, \"class_name\": \"有害垃圾\", \"confidence\": 0.875}]}',0,'2026-07-03 16:01:39'),(70,1,'2026/07/03/3f03409b5ddf49b788cbb9f9a1863020.jpg','{\"results\": [{\"tips\": \"无法回收利用的废弃物\", \"category\": \"其他垃圾\", \"confidence\": 0.367, \"category_code\": \"other\", \"disposal_advice\": \"投入灰色垃圾桶\"}], \"detections\": [{\"x1\": 3.36, \"x2\": 1262.38, \"y1\": 1138.43, \"y2\": 1706.6, \"class_id\": 3, \"class_name\": \"其他垃圾\", \"confidence\": 0.367}]}',0,'2026-07-03 16:19:43'),(71,1,'2026/07/03/5e87d5feb5bb491999651f38e9fd98c5.jpg','{\"results\": [{\"tips\": \"请清空残留液体\", \"category\": \"可回收物\", \"confidence\": 0.842, \"category_code\": \"recyclable\", \"disposal_advice\": \"压扁后投入蓝色垃圾桶\"}], \"detections\": [{\"x1\": 390.27, \"x2\": 851.03, \"y1\": 133.75, \"y2\": 1575.27, \"class_id\": 0, \"class_name\": \"可回收物\", \"confidence\": 0.842}]}',0,'2026-07-03 16:19:51'),(72,1,'2026/07/03/70fcdac1a6f44b12b35b16e299a2ff0d.jpg','{\"results\": [{\"tips\": \"请清空残留液体\", \"category\": \"可回收物\", \"confidence\": 0.858, \"category_code\": \"recyclable\", \"disposal_advice\": \"压扁后投入蓝色垃圾桶\"}, {\"tips\": \"避免破损泄漏\", \"category\": \"有害垃圾\", \"confidence\": 0.827, \"category_code\": \"hazardous\", \"disposal_advice\": \"轻拿轻放，投入红色垃圾桶\"}], \"detections\": [{\"x1\": 0.26, \"x2\": 292.55, \"y1\": 29.44, \"y2\": 116.23, \"class_id\": 0, \"class_name\": \"可回收物\", \"confidence\": 0.858}, {\"x1\": 26.08, \"x2\": 278.89, \"y1\": 121.28, \"y2\": 184.75, \"class_id\": 1, \"class_name\": \"有害垃圾\", \"confidence\": 0.827}]}',0,'2026-07-03 16:22:06'),(73,1,'2026/07/03/cdbf26c1986d4e5e8ac296fd70a5812e.jpg','{\"results\": [{\"tips\": \"请清空残留液体\", \"category\": \"可回收物\", \"confidence\": 0.842, \"category_code\": \"recyclable\", \"disposal_advice\": \"压扁后投入蓝色垃圾桶\"}], \"detections\": [{\"x1\": 390.27, \"x2\": 851.03, \"y1\": 133.75, \"y2\": 1575.27, \"class_id\": 0, \"class_name\": \"可回收物\", \"confidence\": 0.842}]}',0,'2026-07-03 16:35:22'),(74,1,'2026/07/03/d4c1781fd1f24d4a8bba7220d7420759.jpg','{\"results\": [{\"tips\": \"请清空残留液体\", \"category\": \"可回收物\", \"confidence\": 0.858, \"category_code\": \"recyclable\", \"disposal_advice\": \"压扁后投入蓝色垃圾桶\"}, {\"tips\": \"避免破损泄漏\", \"category\": \"有害垃圾\", \"confidence\": 0.827, \"category_code\": \"hazardous\", \"disposal_advice\": \"轻拿轻放，投入红色垃圾桶\"}], \"detections\": [{\"x1\": 0.26, \"x2\": 292.55, \"y1\": 29.44, \"y2\": 116.23, \"class_id\": 0, \"class_name\": \"可回收物\", \"confidence\": 0.858}, {\"x1\": 26.08, \"x2\": 278.89, \"y1\": 121.28, \"y2\": 184.75, \"class_id\": 1, \"class_name\": \"有害垃圾\", \"confidence\": 0.827}]}',0,'2026-07-03 16:35:28'),(75,1,'2026/07/03/5b8435d8947342ada1bbc4b15dd01b9b.jpg','{\"results\": [{\"tips\": \"请清空残留液体\", \"category\": \"可回收物\", \"confidence\": 0.842, \"category_code\": \"recyclable\", \"disposal_advice\": \"压扁后投入蓝色垃圾桶\"}], \"detections\": [{\"x1\": 390.27, \"x2\": 851.03, \"y1\": 133.75, \"y2\": 1575.27, \"class_id\": 0, \"class_name\": \"可回收物\", \"confidence\": 0.842}]}',0,'2026-07-03 16:48:06'),(76,1,'2026/07/03/425e121ca0894daaa413c8c7c10079ea.jpg','{\"results\": [{\"tips\": \"请清空残留液体\", \"category\": \"可回收物\", \"confidence\": 0.858, \"category_code\": \"recyclable\", \"disposal_advice\": \"压扁后投入蓝色垃圾桶\"}, {\"tips\": \"避免破损泄漏\", \"category\": \"有害垃圾\", \"confidence\": 0.827, \"category_code\": \"hazardous\", \"disposal_advice\": \"轻拿轻放，投入红色垃圾桶\"}], \"detections\": [{\"x1\": 0.26, \"x2\": 292.55, \"y1\": 29.44, \"y2\": 116.23, \"class_id\": 0, \"class_name\": \"可回收物\", \"confidence\": 0.858}, {\"x1\": 26.08, \"x2\": 278.89, \"y1\": 121.28, \"y2\": 184.75, \"class_id\": 1, \"class_name\": \"有害垃圾\", \"confidence\": 0.827}]}',0,'2026-07-03 16:48:31'),(80,1,'2026/07/03/dc5dcd91460c46e7a8155f6e0d0598c2.jpg','{\"results\": [{\"tips\": \"避免破损泄漏\", \"category\": \"有害垃圾\", \"confidence\": 0.894, \"category_code\": \"hazardous\", \"disposal_advice\": \"轻拿轻放，投入红色垃圾桶\"}, {\"tips\": \"避免破损泄漏\", \"category\": \"有害垃圾\", \"confidence\": 0.882, \"category_code\": \"hazardous\", \"disposal_advice\": \"轻拿轻放，投入红色垃圾桶\"}, {\"tips\": \"避免破损泄漏\", \"category\": \"有害垃圾\", \"confidence\": 0.875, \"category_code\": \"hazardous\", \"disposal_advice\": \"轻拿轻放，投入红色垃圾桶\"}], \"detections\": [{\"x1\": 23.76, \"x2\": 84.44, \"y1\": 19.82, \"y2\": 166.02, \"class_id\": 1, \"class_name\": \"有害垃圾\", \"confidence\": 0.894}, {\"x1\": 88.69, \"x2\": 148.36, \"y1\": 21.0, \"y2\": 169.0, \"class_id\": 1, \"class_name\": \"有害垃圾\", \"confidence\": 0.882}, {\"x1\": 155.46, \"x2\": 213.87, \"y1\": 22.8, \"y2\": 172.29, \"class_id\": 1, \"class_name\": \"有害垃圾\", \"confidence\": 0.875}]}',0,'2026-07-03 16:55:42'),(81,1,'2026/07/03/10e3d9adfb8040f38ff25fc6d58162cf.jpg','{\"results\": [{\"tips\": \"请清空残留液体\", \"category\": \"可回收物\", \"confidence\": 0.858, \"category_code\": \"recyclable\", \"disposal_advice\": \"压扁后投入蓝色垃圾桶\"}, {\"tips\": \"避免破损泄漏\", \"category\": \"有害垃圾\", \"confidence\": 0.827, \"category_code\": \"hazardous\", \"disposal_advice\": \"轻拿轻放，投入红色垃圾桶\"}], \"detections\": [{\"x1\": 0.26, \"x2\": 292.55, \"y1\": 29.44, \"y2\": 116.23, \"class_id\": 0, \"class_name\": \"可回收物\", \"confidence\": 0.858}, {\"x1\": 26.08, \"x2\": 278.89, \"y1\": 121.28, \"y2\": 184.75, \"class_id\": 1, \"class_name\": \"有害垃圾\", \"confidence\": 0.827}]}',0,'2026-07-03 16:56:41'),(82,1,'2026/07/03/dac01a9ed9ab48d2afbb6009d6957155.jpg','{\"results\": [{\"tips\": \"请清空残留液体\", \"category\": \"可回收物\", \"confidence\": 0.858, \"category_code\": \"recyclable\", \"disposal_advice\": \"压扁后投入蓝色垃圾桶\"}, {\"tips\": \"避免破损泄漏\", \"category\": \"有害垃圾\", \"confidence\": 0.827, \"category_code\": \"hazardous\", \"disposal_advice\": \"轻拿轻放，投入红色垃圾桶\"}], \"detections\": [{\"x1\": 0.26, \"x2\": 292.55, \"y1\": 29.44, \"y2\": 116.23, \"class_id\": 0, \"class_name\": \"可回收物\", \"confidence\": 0.858}, {\"x1\": 26.08, \"x2\": 278.89, \"y1\": 121.28, \"y2\": 184.75, \"class_id\": 1, \"class_name\": \"有害垃圾\", \"confidence\": 0.827}]}',0,'2026-07-03 16:56:42'),(83,1,'2026/07/03/8d6ec499bd0e449f864de04f2031584c.jpg','{\"results\": [{\"tips\": \"避免破损泄漏\", \"category\": \"有害垃圾\", \"confidence\": 0.894, \"category_code\": \"hazardous\", \"disposal_advice\": \"轻拿轻放，投入红色垃圾桶\"}, {\"tips\": \"避免破损泄漏\", \"category\": \"有害垃圾\", \"confidence\": 0.882, \"category_code\": \"hazardous\", \"disposal_advice\": \"轻拿轻放，投入红色垃圾桶\"}, {\"tips\": \"避免破损泄漏\", \"category\": \"有害垃圾\", \"confidence\": 0.875, \"category_code\": \"hazardous\", \"disposal_advice\": \"轻拿轻放，投入红色垃圾桶\"}], \"detections\": [{\"x1\": 23.76, \"x2\": 84.44, \"y1\": 19.82, \"y2\": 166.02, \"class_id\": 1, \"class_name\": \"有害垃圾\", \"confidence\": 0.894}, {\"x1\": 88.69, \"x2\": 148.36, \"y1\": 21.0, \"y2\": 169.0, \"class_id\": 1, \"class_name\": \"有害垃圾\", \"confidence\": 0.882}, {\"x1\": 155.46, \"x2\": 213.87, \"y1\": 22.8, \"y2\": 172.29, \"class_id\": 1, \"class_name\": \"有害垃圾\", \"confidence\": 0.875}]}',0,'2026-07-03 16:58:41'),(84,1,'2026/07/03/abdf92e825104362bfe814d61becbe6d.jpg','{\"results\": [{\"tips\": \"请清空残留液体\", \"category\": \"可回收物\", \"confidence\": 0.842, \"category_code\": \"recyclable\", \"disposal_advice\": \"压扁后投入蓝色垃圾桶\"}], \"detections\": [{\"x1\": 390.27, \"x2\": 851.03, \"y1\": 133.75, \"y2\": 1575.27, \"class_id\": 0, \"class_name\": \"可回收物\", \"confidence\": 0.842}]}',0,'2026-07-03 17:07:17'),(85,1,'2026/07/03/ab78638fe0e14faf982b7fc3b4e83e04.jpg','{\"results\": [{\"tips\": \"请清空残留液体\", \"category\": \"可回收物\", \"confidence\": 0.842, \"category_code\": \"recyclable\", \"disposal_advice\": \"压扁后投入蓝色垃圾桶\"}], \"detections\": [{\"x1\": 390.27, \"x2\": 851.03, \"y1\": 133.75, \"y2\": 1575.27, \"class_id\": 0, \"class_name\": \"可回收物\", \"confidence\": 0.842}]}',0,'2026-07-03 17:24:39'),(86,1,'2026/07/03/2d443a8e39c44384af7c9237c27a7b78.jpg','{\"results\": [{\"tips\": \"请清空残留液体\", \"category\": \"可回收物\", \"confidence\": 0.842, \"category_code\": \"recyclable\", \"disposal_advice\": \"压扁后投入蓝色垃圾桶\"}], \"detections\": [{\"x1\": 390.27, \"x2\": 851.03, \"y1\": 133.75, \"y2\": 1575.27, \"class_id\": 0, \"class_name\": \"可回收物\", \"confidence\": 0.842}]}',0,'2026-07-03 17:32:33'),(87,1,'2026/07/04/e9d1d2cbbed74df99bd4ee6805f52870.jpg','{\"results\": [{\"tips\": \"请清空残留液体\", \"category\": \"可回收物\", \"confidence\": 0.86, \"category_code\": \"recyclable\", \"disposal_advice\": \"压扁后投入蓝色垃圾桶\"}], \"detections\": [{\"x1\": 4.46, \"x2\": 224.97, \"y1\": 60.85, \"y2\": 179.59, \"class_id\": 0, \"class_name\": \"可回收物\", \"confidence\": 0.86}]}',0,'2026-07-04 10:43:26');
/*!40000 ALTER TABLE `recognition_history` ENABLE KEYS */;
UNLOCK TABLES;

--
-- Table structure for table `resident`
--

DROP TABLE IF EXISTS `resident`;
/*!40101 SET @saved_cs_client     = @@character_set_client */;
/*!50503 SET character_set_client = utf8mb4 */;
CREATE TABLE `resident` (
  `resident_id` bigint NOT NULL AUTO_INCREMENT COMMENT '居民主键ID',
  `phone` varchar(11) NOT NULL COMMENT '登录手机号，唯一',
  `password` varchar(64) NOT NULL COMMENT '加密存储密码',
  `nickname` varchar(50) DEFAULT '',
  `building` varchar(32) DEFAULT '' COMMENT '居住楼栋',
  `status` tinyint NOT NULL DEFAULT '1' COMMENT '账号状态 0禁用 1正常',
  `create_time` datetime NOT NULL DEFAULT CURRENT_TIMESTAMP COMMENT '注册时间',
  `update_time` datetime NOT NULL DEFAULT CURRENT_TIMESTAMP ON UPDATE CURRENT_TIMESTAMP COMMENT '信息更新时间',
  PRIMARY KEY (`resident_id`),
  UNIQUE KEY `uk_phone` (`phone`)
) ENGINE=InnoDB AUTO_INCREMENT=4 DEFAULT CHARSET=utf8mb4 COLLATE=utf8mb4_0900_ai_ci COMMENT='居民用户表';
/*!40101 SET character_set_client = @saved_cs_client */;

--
-- Dumping data for table `resident`
--

LOCK TABLES `resident` WRITE;
/*!40000 ALTER TABLE `resident` DISABLE KEYS */;
INSERT INTO `resident` VALUES (1,'13800138000','$2b$12$mXmuSBN8KI5ZBjPer2CXi.GeH7MB/V5lgcgZ8zBxZJa8SQc75094C','jjjj','1栋6单元',1,'2026-06-29 10:37:13','2026-07-04 10:51:07'),(2,'13800138001','$2b$12$KRfPqE24lUS8GsMeW6.5Rub/MczCbwBxYom4HYSVgzNmxX0KPDPWK','aaaa','2栋2单元',1,'2026-06-30 11:30:34','2026-07-01 16:11:06'),(3,'13800138002','$2b$12$wMX3a0ZzWks18BC2e.Dhg.ozrsIysW7hERI4y8njHjh1q2NIkpV.q','罗啟航','',1,'2026-07-01 16:45:33','2026-07-01 16:46:12');
/*!40000 ALTER TABLE `resident` ENABLE KEYS */;
UNLOCK TABLES;

--
-- Table structure for table `system_notice`
--

DROP TABLE IF EXISTS `system_notice`;
/*!40101 SET @saved_cs_client     = @@character_set_client */;
/*!50503 SET character_set_client = utf8mb4 */;
CREATE TABLE `system_notice` (
  `notice_id` bigint NOT NULL AUTO_INCREMENT COMMENT '公告ID',
  `admin_id` bigint NOT NULL COMMENT '发布管理员ID',
  `title` varchar(100) NOT NULL COMMENT '公告标题',
  `content` text NOT NULL COMMENT '科普正文',
  `show_miniprogram` tinyint NOT NULL DEFAULT '1' COMMENT '小程序是否展示 0隐藏 1展示',
  `publish_time` datetime NOT NULL DEFAULT CURRENT_TIMESTAMP,
  PRIMARY KEY (`notice_id`),
  KEY `idx_admin` (`admin_id`),
  CONSTRAINT `fk_notice_admin` FOREIGN KEY (`admin_id`) REFERENCES `administrator` (`admin_id`) ON DELETE CASCADE
) ENGINE=InnoDB AUTO_INCREMENT=7 DEFAULT CHARSET=utf8mb4 COLLATE=utf8mb4_0900_ai_ci COMMENT='垃圾分类科普公告表';
/*!40101 SET character_set_client = @saved_cs_client */;

--
-- Dumping data for table `system_notice`
--

LOCK TABLES `system_notice` WRITE;
/*!40000 ALTER TABLE `system_notice` DISABLE KEYS */;
INSERT INTO `system_notice` VALUES (5,1,'垃圾分类新政策发布','根据最新政策，即日起实施垃圾分类新标准。请各位居民按照四分类法投放垃圾。',1,'2026-06-30 11:43:58'),(6,1,'智能分类系统升级通知','系统已完成升级，识别准确率提升至90%以上，欢迎大家使用。',1,'2026-06-30 11:43:58');
/*!40000 ALTER TABLE `system_notice` ENABLE KEYS */;
UNLOCK TABLES;

--
-- Table structure for table `throw_rule`
--

DROP TABLE IF EXISTS `throw_rule`;
/*!40101 SET @saved_cs_client     = @@character_set_client */;
/*!50503 SET character_set_client = utf8mb4 */;
CREATE TABLE `throw_rule` (
  `rule_id` bigint NOT NULL AUTO_INCREMENT COMMENT '规则主键ID',
  `category_id` bigint NOT NULL COMMENT '关联四大类ID',
  `garbage_name` varchar(50) NOT NULL COMMENT '垃圾标准名称',
  `alias` varchar(100) DEFAULT '' COMMENT '别名，逗号分隔',
  `tip` text COMMENT '投放预处理规范',
  `confuse_tip` text COMMENT '易混淆垃圾区分提示',
  `create_time` datetime NOT NULL DEFAULT CURRENT_TIMESTAMP,
  `update_time` datetime NOT NULL DEFAULT CURRENT_TIMESTAMP ON UPDATE CURRENT_TIMESTAMP,
  PRIMARY KEY (`rule_id`),
  KEY `idx_category` (`category_id`),
  KEY `idx_name` (`garbage_name`),
  CONSTRAINT `fk_rule_category` FOREIGN KEY (`category_id`) REFERENCES `garbage_category` (`category_id`) ON DELETE RESTRICT
) ENGINE=InnoDB AUTO_INCREMENT=15 DEFAULT CHARSET=utf8mb4 COLLATE=utf8mb4_0900_ai_ci COMMENT='细分垃圾投放规则表';
/*!40101 SET character_set_client = @saved_cs_client */;

--
-- Dumping data for table `throw_rule`
--

LOCK TABLES `throw_rule` WRITE;
/*!40000 ALTER TABLE `throw_rule` DISABLE KEYS */;
INSERT INTO `throw_rule` VALUES (1,1,'矿泉水瓶','塑料瓶','压扁后投入蓝色垃圾桶',NULL,'2026-06-30 11:53:24','2026-06-30 11:53:24'),(2,1,'易拉罐','铝罐','清洗后投入蓝色垃圾桶',NULL,'2026-06-30 11:53:24','2026-06-30 11:53:24'),(3,1,'旧报纸','报纸,废纸,新闻纸','叠放整齐，投入蓝色垃圾桶',NULL,'2026-07-03 16:34:08','2026-07-03 16:34:08'),(4,1,'纸箱','纸板箱,快递箱','拆开压平，投入蓝色垃圾桶',NULL,'2026-07-03 16:34:08','2026-07-03 16:34:08'),(5,1,'玻璃瓶','玻璃杯,玻璃罐','清洗干净，投入蓝色垃圾桶',NULL,'2026-07-03 16:34:08','2026-07-03 16:34:08'),(6,3,'过期药品','药品,药片,胶囊','密封包装，投入红色垃圾桶',NULL,'2026-07-03 16:34:08','2026-07-03 16:34:08'),(7,3,'废电池','电池,蓄电池,纽扣电池','投入红色垃圾桶，避免破损',NULL,'2026-07-03 16:34:08','2026-07-03 16:34:08'),(8,3,'废灯管','日光灯,节能灯','轻放，投入红色垃圾桶，避免破损',NULL,'2026-07-03 16:34:08','2026-07-03 16:34:08'),(9,2,'剩菜剩饭','饭菜,食物残渣,泔水','沥干水分后投入绿色垃圾桶',NULL,'2026-07-03 16:34:08','2026-07-03 16:34:08'),(10,2,'果皮','水果皮,果核,果壳','投入绿色垃圾桶',NULL,'2026-07-03 16:34:08','2026-07-03 16:34:08'),(11,2,'茶叶渣','茶叶,茶渣','投入绿色垃圾桶',NULL,'2026-07-03 16:34:08','2026-07-03 16:34:08'),(12,4,'烟蒂','烟头','投入灰色垃圾桶',NULL,'2026-07-03 16:34:08','2026-07-03 16:34:08'),(13,4,'餐巾纸','纸巾,卫生纸,湿巾','投入灰色垃圾桶',NULL,'2026-07-03 16:34:08','2026-07-03 16:34:08'),(14,4,'陶瓷碎片','瓷砖,破碗','包裹后投入灰色垃圾桶',NULL,'2026-07-03 16:34:08','2026-07-03 16:34:08');
/*!40000 ALTER TABLE `throw_rule` ENABLE KEYS */;
UNLOCK TABLES;
/*!40103 SET TIME_ZONE=@OLD_TIME_ZONE */;

/*!40101 SET SQL_MODE=@OLD_SQL_MODE */;
/*!40014 SET FOREIGN_KEY_CHECKS=@OLD_FOREIGN_KEY_CHECKS */;
/*!40014 SET UNIQUE_CHECKS=@OLD_UNIQUE_CHECKS */;
/*!40101 SET CHARACTER_SET_CLIENT=@OLD_CHARACTER_SET_CLIENT */;
/*!40101 SET CHARACTER_SET_RESULTS=@OLD_CHARACTER_SET_RESULTS */;
/*!40101 SET COLLATION_CONNECTION=@OLD_COLLATION_CONNECTION */;
/*!40111 SET SQL_NOTES=@OLD_SQL_NOTES */;

-- Dump completed on 2026-07-04 11:54:47
